hs_code,hs10_description,matched_bea_detail,match_level,mapping_strength,modal_count,total_matches,impVal,match_type
2007996525,"Peaches Pastes And Purees, Cooked W/n Sweetened (kg)",311420,hs8,1.0,2,2,6042006.0,primary
2007996535,"Fruit Or Nut Pastes And Purees, Cookd W/n Sw Nesoi (kg)",311420,hs8,1.0,2,2,47726347.0,primary
2812190010,Arsenic Trichloride (kg),325180,hs8,1.0,1,1,28078.0,primary
2812190090,Other Chlorides And Chloride Oxides (kg),325180,hs8,1.0,1,1,17571529.0,primary
2915901810,Perfluorooctanoic Acids And Their Salts (kg),325190,hs8,1.0,1,1,254005.0,primary
2915901890,"Sat Acyc Monocarbxy Acids, Etc(exc Fatty Acid Etc) (kg)",325190,hs8,1.0,1,1,58017523.0,primary
2921196140,Trichlormethine (inn) (tris(2-chloroethyl)amine) (kg),325190,hs8,1.0,2,2,2070.0,primary
2921196195,"Acyclic Monoamines And Their Derivatives, Nesoi (kg)",325190,hs8,1.0,2,2,119741937.0,primary
2929905015,"N,n-dimethylphosphoramidic Dichloride (kg)",325190,hs8,1.0,3,3,2250.0,primary
2929905018,"N,n-dialkyl Phosphoramidic Dihalides, Nesoi (kg)",325190,hs8,1.0,3,3,15431.0,primary
2929905095,"Compounds With Other Nitrogen Function, Nesoi (kg)",325190,hs8,1.0,3,3,74661908.0,primary
2930909222,"N,n-dialkyl Amionoethane-2-thiols & Protnatd Salts (kg)",325190,hs8,0.875,7,8,17100.0,primary
2930909222,"N,n-dialkyl Amionoethane-2-thiols & Protnatd Salts (kg)",325411,hs8,0.875,1,8,0.0,alternative
2930909231,Other Non-arom Org-sulf Cmpds Used Prin For Rub Pr (kg),325190,hs8,0.875,7,8,36667317.0,primary
2930909231,Other Non-arom Org-sulf Cmpds Used Prin For Rub Pr (kg),325411,hs8,0.875,1,8,0.0,alternative
2930909251,Non-aromatic Organo-sulfur Compounds Nesoi (kg),325190,hs8,0.875,7,8,201051902.0,primary
2930909251,Non-aromatic Organo-sulfur Compounds Nesoi (kg),325411,hs8,0.875,1,8,0.0,alternative
2931490005,"Non-hal,o-alkyl,n,n-dialkyl Phosphoramidocyanidate (kg)",325190,hs8,1.0,3,3,3750.0,primary
2931490008,"[o-2-ethyl]hydr Alkyl Phsphnt,o-alkyl Ester (kg)",325190,hs8,1.0,3,3,50021.0,primary
2931490025,Bis(1-methylpentyl) Methylphosphonate (kg),325190,hs8,1.0,3,3,2390.0,primary
2931490055,"Con Phsphr Atom,1 Meth/eth/prp Grp Is Bnd,nonhal (kg)",325190,hs8,1.0,3,3,14941201.0,primary
2931490080,Non-halogenated Organo-phosphorous Derivatvs Nesoi (kg),325190,hs8,1.0,3,3,66508005.0,primary
2931590010,"O-alkyl, Alkyl, Phosphonofluoridates (kg)",325190,hs8,1.0,1,1,662726.0,primary
2931590060,"Cont Phsphrs Atom,one Meth/eth/prp Grp Is Bnded (kg)",325190,hs8,1.0,1,1,11454336.0,primary
2931590080,"Halogenated Organo-phosphorous Derivatives, Nesoi (kg)",325190,hs8,1.0,1,1,3974866.0,primary
2931909035,Bis(2-chlorovinyl)chloroarsine (kg),325190,hs8,1.0,5,5,111000.0,primary
2931909040,Tris(2-chlorovinyl)arsine (kg),325190,hs8,1.0,5,5,430280.0,primary
2931909052,"Non-aromatic Organo-inorganic Compounds, Nesoi (kg)",325190,hs8,1.0,5,5,184751658.0,primary
2933396120,"1-[n,n-dialkyl(&lt;=c10)-n-(n-(hydroxyl,cyano,acetoxy (kg)",325190,hs8,1.0,2,2,48200.0,primary
2933396191,"Prod In Usn 3,sec 6 Cont Unfus Pyridine Ring Nesoi (kg)",325190,hs8,1.0,2,2,210673268.0,primary
2939800050,"Other Alkaloids,natral/reprdcd By Synthes&salts (kg)",325190,hs8,1.0,1,1,7247101.0,primary
3002490010,Ricin (kg),325414,hs8,1.0,1,1,7100469.0,primary
3002490050,"Vaccines,toxins,cultures Of Micro-organism Etc Nes (kg)",325414,hs8,1.0,1,1,1183421927.0,primary
3004105055,"Containing Amoxicillin Or Its Salts,oral Suspenion (kg)",325412,hs8,1.0,3,3,43766132.0,primary
3004105065,"Containing Amoxicillin Or Its Salts, Nesoi (kg)",325412,hs8,1.0,3,3,50074486.0,primary
3004105075,"Combination Antibiotics, Nesoi (kg)",325412,hs8,1.0,3,3,72124021.0,primary
3004200045,"Meds Cont Oth Antibtcs,cont Azithromycin,its Salts (kg)",325412,hs8,1.0,4,4,23104793.0,primary
3004200055,"Meds Cont Othr Antibtcs,cont Clindamycin,its Salts (kg)",325412,hs8,1.0,4,4,87099356.0,primary
3004200065,"Meds Cont Oth Antibtcs,cont Doxycycline, Its Salts (kg)",325412,hs8,1.0,4,4,65874210.0,primary
3004200075,"Medicaments Containing Other Antibiotics, Nesoi (kg)",325412,hs8,1.0,4,4,2690506311.0,primary
3004909201,"Medicaments For Veterinary Use In Doses/pkg,nesoi (kg)",325412,hs8,1.0,25,25,560693649.0,primary
3004909202,"Antivirals, In Doses Or Packaged For Retail (kg)",325412,hs8,1.0,25,25,5744257565.0,primary
3004909204,"Antifngls,cont Fluconazole, Its Salts,in Dses/pkg (kg)",325412,hs8,1.0,25,25,15600165.0,primary
3004909206,"Antifungals, In Doses Or Packaged For Retail,nesoi (kg)",325412,hs8,1.0,25,25,212559305.0,primary
3004909208,"Antiprozls,cont Metronidazole,its Salts,dses/pkg (kg)",325412,hs8,1.0,25,25,26868043.0,primary
3004909212,"Antiprotozoals, In Doses/packagd For Retail, Nesoi (kg)",325412,hs8,1.0,25,25,71303376.0,primary
3004909216,"Crdiovsclr Meds,cont Metoprolol,its Salts,dses/pkg (kg)",325412,hs8,1.0,25,25,94925789.0,primary
3004909217,"Crdiovsclr Med,cont  Amiodarone,its Salts,dses/pkg (kg)",325412,hs8,1.0,25,25,24533535.0,primary
3004909218,"Crdiovsclr Meds,cont Diltiazem,its Salts, Dses/pkg (kg)",325412,hs8,1.0,25,25,123258736.0,primary
3004909219,"Crdiovsclr Med,cont Hydralazine,its Salts,dses/pkg (kg)",325412,hs8,1.0,25,25,20340243.0,primary
3004909221,"Cardiovascular Medicaments, Nesoi (kg)",325412,hs8,1.0,25,25,10240099569.0,primary
3004909223,Tolmetin Sodium Dihydrate (kg),325412,hs8,1.0,25,25,158433.0,primary
3004909225,Tolmetin Sodium (anhydrous) (kg),325412,hs8,1.0,25,25,19480833.0,primary
3004909227,"Analgesic,cont Ibuprofen,its Salts,oral Suspension (kg)",325412,hs8,1.0,25,25,17355762.0,primary
3004909229,"Analgesic, Cont Ibuprofen Or Its Salts, Other (kg)",325412,hs8,1.0,25,25,306797592.0,primary
3004909231,"Analgesic,cont Acetaminophen,its Slts,oral Suspen (kg)",325412,hs8,1.0,25,25,725721336.0,primary
3004909232,"Analgesic,cont Acetaminophen Or Its Salts,oth (kg)",325412,hs8,1.0,25,25,90201908.0,primary
3004909234,"Analgesics, Antipyretics,nonhormonl Anti-infl,neso (kg)",325412,hs8,1.0,25,25,2967155073.0,primary
3004909236,"Anticonvulsants, Hypnotics & Sedatives Fr Rtl Sale (kg)",325412,hs8,1.0,25,25,2029736871.0,primary
3004909237,"Antidepressant,containing Lorazepam Or Its Salts (kg)",325412,hs8,1.0,25,25,27370733.0,primary
3004909238,"Antidepressant,containing Olanzapine Or Its Salts (kg)",325412,hs8,1.0,25,25,27410270.0,primary
3004909239,"Antidepressants, Tranquilizers,other Psych Agt,nes (kg)",325412,hs8,1.0,25,25,9586000159.0,primary
3004909242,"Derm Agnts,lcl Ansthtcs Cont Lidocaine,its Salts (kg)",325412,hs8,1.0,25,25,83525330.0,primary
3004909244,Dermatological Agents And Local Anesthetics Etc. (kg),325412,hs8,1.0,25,25,344883385.0,primary
3004909256,"Meds Affect Digest, Cont Famotidine Or Its Salts (kg)",325412,hs8,1.0,25,25,27406826.0,primary
3004909257,"Meds Affect Digest, Cont Pantoprazole Or Its Salts (kg)",325412,hs8,1.0,25,25,119786340.0,primary
3004909259,Medicaments Primarily Affect Digest System Nesoi (kg),325412,hs8,1.0,25,25,1497857000.0,primary
3004909263,"Diuretics, Cont Furosemide And Its Salts (kg)",325412,hs8,1.0,25,25,24135554.0,primary
3004909266,"Diuretics, Cont Hydrochlorothiazide Or Its Salts (kg)",325412,hs8,1.0,25,25,22404591.0,primary
3004909268,Diuretics In Measured Dose/pack For Retail Sale (kg),325412,hs8,1.0,25,25,121621873.0,primary
3004909284,Meds Affect Eyes/ears/resp Cont Albuterol Sulfate (kg),325412,hs8,1.0,25,25,434363249.0,primary
3004909289,Medicaments Affect Eyes/ears/respiratory Sys Nesoi (kg),325412,hs8,1.0,25,25,991607219.0,primary
3926909987,Rigid Tubes/pipes Suitable For Electrical Conduit (kg),326190,hs8,1.0,7,7,42054056.0,primary
3926909989,"Articles Of Plastics Etc, Nesoi (no)",326190,hs8,1.0,7,7,3671400136.0,primary
4802571085,Wrtng/cvdr ppr Nov 10% Mech 40-150g/m2 Sheet Nesoi (kg),322120,hs8,1.0,3,3,21558856.0,primary
4802574085,PPr/prbrd Unctd Nov 10% Mch 40-150g/m2 Rl/sh Nesoi (kg),322120,hs8,1.0,3,3,52465709.0,primary
702002002,,111400,hs6,0.5,6,12,27054089.0,primary
702002002,,111200,hs6,0.5,6,12,0.0,alternative
702002004,,111400,hs6,0.5,6,12,6154990.0,primary
702002004,,111200,hs6,0.5,6,12,0.0,alternative
702002006,,111400,hs6,0.5,6,12,25093196.0,primary
702002006,,111200,hs6,0.5,6,12,0.0,alternative
702002008,,111400,hs6,0.5,6,12,36574150.0,primary
702002008,,111200,hs6,0.5,6,12,0.0,alternative
702002043,,111400,hs8,0.5,1,2,20417118.0,primary
702002043,,111200,hs8,0.5,1,2,0.0,alternative
702002044,,111400,hs8,0.5,1,2,6084890.0,primary
702002044,,111200,hs8,0.5,1,2,0.0,alternative
702002048,,111400,hs8,0.5,1,2,1870948.0,primary
702002048,,111200,hs8,0.5,1,2,0.0,alternative
702002050,,111200,hs8,1.0,1,1,4465974.0,primary
702004002,,111400,hs6,0.5,6,12,7795850.0,primary
702004002,,111200,hs6,0.5,6,12,0.0,alternative
702004004,,111400,hs6,0.5,6,12,4116026.0,primary
702004004,,111200,hs6,0.5,6,12,0.0,alternative
702004006,,111400,hs6,0.5,6,12,11426563.0,primary
702004006,,111200,hs6,0.5,6,12,0.0,alternative
702004008,,111400,hs6,0.5,6,12,5730231.0,primary
702004008,,111200,hs6,0.5,6,12,0.0,alternative
702006002,,111400,hs6,0.5,6,12,9610627.0,primary
702006002,,111200,hs6,0.5,6,12,0.0,alternative
702006004,,111400,hs6,0.5,6,12,2003771.0,primary
702006004,,111200,hs6,0.5,6,12,0.0,alternative
702006006,,111400,hs6,0.5,6,12,7097767.0,primary
702006006,,111200,hs6,0.5,6,12,0.0,alternative
702006008,,111400,hs6,0.5,6,12,12071307.0,primary
702006008,,111200,hs6,0.5,6,12,0.0,alternative
702006033,,111200,hs8,0.6666666666666666,2,3,11238338.0,primary
702006033,,111400,hs8,0.6666666666666666,1,3,0.0,alternative
702006034,,111200,hs8,0.6666666666666666,2,3,2390488.0,primary
702006034,,111400,hs8,0.6666666666666666,1,3,0.0,alternative
702006037,,111200,hs8,0.6666666666666666,2,3,495858.0,primary
702006037,,111400,hs8,0.6666666666666666,1,3,0.0,alternative
702006038,,111200,hs8,0.6666666666666666,2,3,965426.0,primary
702006038,,111400,hs8,0.6666666666666666,1,3,0.0,alternative
703104070,,111200,hs6,1.0,4,4,20504432.0,primary
703104075,,111200,hs6,1.0,4,4,148963093.0,primary
704904028,,111200,hs8,1.0,4,4,114424.0,primary
707002037,,111200,hs8,1.0,1,1,7093436.0,primary
707002040,,111200,hs6,1.0,3,3,12142284.0,primary
707002045,,111200,hs6,1.0,3,3,24682245.0,primary
707002050,,111200,hs8,1.0,1,1,40237840.0,primary
707002060,,111200,hs6,1.0,3,3,50679508.0,primary
707002070,,111200,hs6,1.0,3,3,81039733.0,primary
707002080,,111200,hs6,1.0,3,3,19370603.0,primary
707002090,,111200,hs6,1.0,3,3,151508039.0,primary
707004037,,111200,hs8,1.0,1,1,9402242.0,primary
707004040,,111200,hs6,1.0,3,3,10126118.0,primary
707004045,,111200,hs6,1.0,3,3,10258940.0,primary
707004050,,111200,hs8,1.0,1,1,30997172.0,primary
707004060,,111200,hs6,1.0,3,3,35293285.0,primary
707004070,,111200,hs6,1.0,3,3,67263365.0,primary
707004080,,111200,hs6,1.0,3,3,17021210.0,primary
707004090,,111200,hs6,1.0,3,3,114210888.0,primary
707005005,,111400,hs6,0.6666666666666666,4,6,12725856.0,primary
707005005,,111200,hs6,0.6666666666666666,2,6,0.0,alternative
707005022,,111400,hs8,1.0,1,1,18793486.0,primary
707005024,,111400,hs8,1.0,1,1,19187469.0,primary
707005026,,111400,hs8,1.0,1,1,25163146.0,primary
707005085,,111200,hs8,1.0,1,1,158089974.0,primary
707006005,,111400,hs6,0.5714285714285714,4,7,68493.0,primary
707006005,,111200,hs6,0.5714285714285714,3,7,0.0,alternative
707006013,,111400,hs8,1.0,1,1,13114195.0,primary
707006017,,111400,hs8,1.0,1,1,12462775.0,primary
707006021,,111400,hs8,1.0,3,3,9462366.0,primary
707006075,,111200,hs8,1.0,1,1,39087733.0,primary
709209040,,111200,hs6,1.0,2,2,33463859.0,primary
709209070,,111200,hs6,1.0,2,2,609897886.0,primary
7306305026,"Oth Tubes Etc Nes Wld Circ Od No 50.8, Gal W Cplg (kg)",331110,hs8,1.0,11,11,10465475.0,primary
7306305027,"Oth Tubes Etc Nes Wld Circ Od No 114.3, Gal W Cplg (kg)",331110,hs8,1.0,11,11,6728034.0,primary
7306305031,Oth Pipes Etc Wld Cir Glv Od No 50.8 W/o Cplng/lng (kg),331110,hs8,1.0,11,11,28207432.0,primary
7306305033,Oth ppes Etc Wld Cir Glv Od No 114.3 W/o Cplng/lng (kg),331110,hs8,1.0,11,11,27454401.0,primary
7306305041,Oth Tubes Etc Wld Cir Nt Glv Od No 50.8mm W/cpling (kg),331110,hs8,1.0,11,11,26336751.0,primary
7306305043,Oth Tubes Etc Wld Cir Nt Glv Od No 114.3 W/cpling (kg),331110,hs8,1.0,11,11,4555234.0,primary
7306305056,"Oth Tubes Etc Wld Cir Nt Glv, Od Diam Not Ovr 50.8 (kg)",331110,hs8,1.0,11,11,56981936.0,primary
7306305057,"Oth Tubes Etc Wld Cir Nt Glv, Od Diam Nt Ovr 114.3 (kg)",331110,hs8,1.0,11,11,54980319.0,primary
7602000035,Recyclable Beverage Containers (kg),S00300,hs8,1.0,3,3,370248308.0,primary
7602000095,Aluminum Industrial Process Scrap (kg),S00300,hs8,1.0,3,3,372438893.0,primary
7602000097,Other Recyclable Aluminum (kg),S00300,hs8,1.0,3,3,297495590.0,primary
7602000098,"Aluminum Waste And Scrap, Nesoi (kg)",S00300,hs8,1.0,3,3,272144286.0,primary
805100050,,111300,hs6,1.0,2,2,11933741.0,primary
805100060,,111300,hs6,1.0,2,2,245385619.0,primary
807113020,,111200,hs6,1.0,2,2,18334897.0,primary
807113040,,111200,hs6,1.0,2,2,2783821.0,primary
807113060,,111200,hs6,1.0,2,2,6293771.0,primary
807113080,,111200,hs6,1.0,2,2,89860549.0,primary
807114020,,111200,hs6,1.0,2,2,9466184.0,primary
807114040,,111200,hs6,1.0,2,2,4821219.0,primary
807114060,,111200,hs6,1.0,2,2,70790395.0,primary
807114080,,111200,hs6,1.0,2,2,150946801.0,primary
808302035,,111300,hs6,1.0,2,2,4318140.0,primary
808302045,,111300,hs6,1.0,2,2,39480479.0,primary
808304035,,111300,hs6,1.0,2,2,43302151.0,primary
808304045,,111300,hs6,1.0,2,2,26114919.0,primary
810102020,,111300,hs6,1.0,2,2,2012946.0,primary
810102040,,111300,hs6,1.0,2,2,355592.0,primary
810102060,,111300,hs6,1.0,2,2,3451861.0,primary
810102080,,111300,hs6,1.0,2,2,8062795.0,primary
810104020,,111300,hs6,1.0,2,2,15521765.0,primary
810104040,,111300,hs6,1.0,2,2,197108704.0,primary
810104060,,111300,hs6,1.0,2,2,55800332.0,primary
810104080,,111300,hs6,1.0,2,2,886162739.0,primary
810500010,,111300,hs6,1.0,1,1,33256487.0,primary
810500090,,111300,hs6,1.0,1,1,244294077.0,primary
811908090,,311410,hs8,1.0,1,1,10567192.0,primary
811908097,,311410,hs8,1.0,1,1,66865971.0,primary
8309900010,"Stoppers, Caps, Lids, Seals Etc, Parts, Aluminum (kg)",332119,hs8,1.0,1,1,169851804.0,primary
8309900090,"Stoppers, Caps, Lids, Seals Etc Nes, Prts, Bs Metl (kg)",332119,hs8,1.0,1,1,308047722.0,primary
8542310015,Controllers (including Microcontrollers): 8-bit (no),334413,hs8,1.0,1,1,65263523.0,primary
8542310020,Controllers (including Microcontrollers): 16-bit (no),334413,hs8,1.0,1,1,61092735.0,primary
8542310025,Controllers (including Microcontrollers): 32-bit (no),334413,hs8,1.0,1,1,525646982.0,primary
8542310030,Controllers (including Microcontrollers): Other (no),334413,hs8,1.0,1,1,284343722.0,primary
8542310035,Prcssrs (incl Micro): Dgtl Signal Prcssrs (dsps) (no),334413,hs8,1.0,1,1,50418289.0,primary
8542310040,Prcssrs (incl Micro): Grphcs Procssng Units (gpus) (no),334413,hs8,1.0,1,1,584294151.0,primary
8542310045,Prcssrs (incl Micro): Centrl Procssng Units (cpus) (no),334413,hs8,1.0,1,1,4946561041.0,primary
8542310050,Processors (including Microprocessors): Other (no),334413,hs8,1.0,1,1,4360974393.0,primary
8542310055,Prgrmbl Lg Dvcs(plds):cmplx Prgrmbl Lg Dvcs(cplds) (no),334413,hs8,1.0,1,1,74879324.0,primary
8542310060,Prgrmbl Lg Dvcs(plds):fld Prgrmb Gate Arrys(fpgas) (no),334413,hs8,1.0,1,1,735460343.0,primary
8542310065,Programmable Logic Devices (plds): Other (no),334413,hs8,1.0,1,1,7650762.0,primary
8542310070,System On Chips (socs) (no),334413,hs8,1.0,1,1,1929381009.0,primary
8542310075,"Processors & Contollers W/not Combo W Memoris, Etc (no)",334413,hs8,1.0,1,1,2463940164.0,primary
8542390010,"Electronic Integrated Circuits, Rf Transceivers (no)",334413,hs8,1.0,1,1,195695082.0,primary
8542390020,"Electronic Integrated Circuits, Active Filters (no)",334413,hs8,1.0,1,1,12428739.0,primary
8542390030,"Elct Int Cts,data Crtrs:analg To Dgtl Cnvtrs(adcs) (no)",334413,hs8,1.0,1,1,90905255.0,primary
8542390040,"Elct Int Cts,data Crtrs:dgtl To Anlg Cnvrtrs(dacs) (no)",334413,hs8,1.0,1,1,46414523.0,primary
8542390050,"Elctrnic Intgratd Circuits, Data Convrters: Others (no)",334413,hs8,1.0,1,1,67109788.0,primary
8542390060,"Electronic Integrated Circuits, Nesoi (no)",334413,hs8,1.0,1,1,4015292761.0,primary
9401612011,"Hshld Seat,wdn Frms,chairs,teak,plntation,uphlst (no)",337121,hs8,0.5,1,2,6075865.0,primary
9401612011,"Hshld Seat,wdn Frms,chairs,teak,plntation,uphlst (no)",337127,hs8,0.5,1,2,0.0,alternative
9401612015,"Hshld Seat,wdn Frames,chairs,non-pg Teak,uphlstrd (no)",337121,hs8,0.5,1,2,3047167.0,primary
9401612015,"Hshld Seat,wdn Frames,chairs,non-pg Teak,uphlstrd (no)",337127,hs8,0.5,1,2,0.0,alternative
9401612031,"Seats,wdn Frms,non-hh Chairs,plnttion Teak,uphlst (no)",337121,hs8,0.5,1,2,2499783.0,primary
9401612031,"Seats,wdn Frms,non-hh Chairs,plnttion Teak,uphlst (no)",337127,hs8,0.5,1,2,0.0,alternative
9401612035,"Seats,wdn Frmes,non-hh Chairs,non-pg Teak,uphlstr (no)",337121,hs8,0.5,1,2,1945572.0,primary
9401612035,"Seats,wdn Frmes,non-hh Chairs,non-pg Teak,uphlstr (no)",337127,hs8,0.5,1,2,0.0,alternative
9401694011,"Hshld Chair,wdn Frme,plntation Teak,not Uphlst (no)",337122,hs8,0.5,1,2,29420768.0,primary
9401694011,"Hshld Chair,wdn Frme,plntation Teak,not Uphlst (no)",337127,hs8,0.5,1,2,0.0,alternative
9401694015,"Hshld Chair,wdn Frame,non-pg Teak,nt Upholstd (no)",337122,hs8,0.5,1,2,6093392.0,primary
9401694015,"Hshld Chair,wdn Frame,non-pg Teak,nt Upholstd (no)",337127,hs8,0.5,1,2,0.0,alternative
9401694031,"Not-hh Chairs,wdn Frmes,plntation Teak,not Uphlst (no)",337122,hs8,0.5,1,2,7900213.0,primary
9401694031,"Not-hh Chairs,wdn Frmes,plntation Teak,not Uphlst (no)",337127,hs8,0.5,1,2,0.0,alternative
9401694035,"Non-hh Chairs,wdn Frmes,non-pg Teak,not Upholst (no)",337122,hs8,0.5,1,2,3262147.0,primary
9401694035,"Non-hh Chairs,wdn Frmes,non-pg Teak,not Upholst (no)",337127,hs8,0.5,1,2,0.0,alternative
